variant,kind,scenario,listeners,samples,median_ns,min_ns,max_ns,allocations_per_op,bytes_per_op,peak_bytes
upstream,timing,callback_list,1,20,48.793,47.769,50.81,,,
upstream,timing,dispatch,1,20,67.46,64.509,69.336,,,
upstream,timing,enqueue_process,1,20,146.469,144.346,148.224,,,
upstream,timing,callback_list,8,20,256.14,251.764,281.142,,,
upstream,timing,dispatch,8,20,270.041,264.74,286.542,,,
upstream,timing,enqueue_process,8,20,353.928,341.867,363.449,,,
upstream,timing,callback_list,32,20,964.853,930.884,1008.942,,,
upstream,timing,dispatch,32,20,976.138,939.587,1007.629,,,
upstream,timing,enqueue_process,32,20,1031.702,1015.924,1126.501,,,
upstream,timing,callback_list,128,20,3778.503,3636.89,3918.896,,,
upstream,timing,dispatch,128,20,3809.461,3733.545,4062.842,,,
upstream,timing,enqueue_process,128,20,3856.726,3761.182,4083.154,,,
fork,timing,callback_list,1,20,49.234,48.331,63.437,,,
fork,timing,dispatch,1,20,67.881,67.008,70.2,,,
fork,timing,enqueue_process,1,20,149.158,148.016,151.854,,,
fork,timing,dispatch_metadata,1,20,67.66,66.363,68.879,,,
fork,timing,get_metadata,1,20,189.735,187.325,203.384,,,
fork,timing,set_metadata,1,20,270.574,268.39,277.911,,,
fork,timing,ordering,1,20,425.198,418.854,436.795,,,
fork,timing,ordering_metadata,1,20,665.015,653.87,690.961,,,
fork,timing,ordering_compact_metadata,1,20,290.689,283.846,312.083,,,
fork,timing,plan_original,1,20,430.065,424.31,438.977,,,
fork,timing,plan_arguments,1,20,482.272,475.891,497.034,,,
fork,timing,plan_results,1,20,613.605,606.799,621.008,,,
fork,timing,results,1,20,192.853,189.243,197.481,,,
fork,timing,results_metadata,1,20,190.981,187.686,196.857,,,
fork,timing,results_aggregate,1,20,238.894,235.939,248.853,,,
fork,timing,enqueue_results_process,1,20,527.281,520.279,700.717,,,
fork,timing,callback_list,8,20,258.993,252.815,305.45,,,
fork,timing,dispatch,8,20,284.482,269.102,386.438,,,
fork,timing,enqueue_process,8,20,355.091,345.236,377.512,,,
fork,timing,dispatch_metadata,8,20,275.444,269.17,282.428,,,
fork,timing,get_metadata,8,20,273.856,268.909,289.384,,,
fork,timing,set_metadata,8,20,357.371,353.571,369.946,,,
fork,timing,ordering,8,20,3848.89,3779.858,3962.207,,,
fork,timing,ordering_metadata,8,20,7796.118,7655.273,7977.783,,,
fork,timing,ordering_compact_metadata,8,20,1593.024,1575.928,1630.981,,,
fork,timing,plan_original,8,20,4181.946,4138.33,4323.73,,,
fork,timing,plan_arguments,8,20,4612.244,4490.161,4861.108,,,
fork,timing,plan_results,8,20,5426.099,5339.6,5805.762,,,
fork,timing,results,8,20,1168.122,1144.885,1270.27,,,
fork,timing,results_metadata,8,20,1163.834,1139.728,1551.233,,,
fork,timing,results_aggregate,8,20,1203.488,1181.58,1259.991,,,
fork,timing,enqueue_results_process,8,20,1497.113,1467.114,1529.285,,,
fork,timing,callback_list,32,20,947.156,924.658,988.513,,,
fork,timing,dispatch,32,20,950.473,942.365,983.093,,,
fork,timing,enqueue_process,32,20,1031.211,1021.936,1047.491,,,
fork,timing,dispatch_metadata,32,20,950.879,931.128,1346.918,,,
fork,timing,get_metadata,32,20,572.463,563.336,609.424,,,
fork,timing,set_metadata,32,20,648.074,640.1,741.29,,,
fork,timing,ordering,32,20,15763.916,15473.633,16617.48,,,
fork,timing,ordering_metadata,32,20,35919.727,35493.164,37476.953,,,
fork,timing,ordering_compact_metadata,32,20,6401.05,6353.955,6644.971,,,
fork,timing,plan_original,32,20,16713.916,16531.738,17271.191,,,
fork,timing,plan_arguments,32,20,18317.92,18063.672,18699.414,,,
fork,timing,plan_results,32,20,20311.035,20039.258,21803.906,,,
fork,timing,results,32,20,3199.866,3109.204,3334.033,,,
fork,timing,results_metadata,32,20,3173.914,3119.604,5198.633,,,
fork,timing,results_aggregate,32,20,3262.854,3164.624,3677.979,,,
fork,timing,enqueue_results_process,32,20,3501.05,3417.676,4075.659,,,
fork,timing,callback_list,128,20,3801.087,3667.92,4060.181,,,
fork,timing,dispatch,128,20,3785.523,3695.093,4075.464,,,
fork,timing,enqueue_process,128,20,3885.193,3763.94,4203.735,,,
fork,timing,dispatch_metadata,128,20,3735.547,3231.86,3926.978,,,
fork,timing,get_metadata,128,20,1803.619,1752.063,1920.984,,,
fork,timing,set_metadata,128,20,1888.031,1845.496,1991.321,,,
fork,timing,ordering,128,20,57829.688,56726.953,59951.562,,,
fork,timing,ordering_metadata,128,20,129052.734,126881.25,141141.406,,,
fork,timing,ordering_compact_metadata,128,20,26390.625,25824.805,28434.18,,,
fork,timing,plan_original,128,20,60347.266,59132.812,62395.312,,,
fork,timing,plan_arguments,128,20,64590.039,64287.891,71766.406,,,
fork,timing,plan_results,128,20,69673.242,69100.0,72316.797,,,
fork,timing,results,128,20,9602.856,9446.289,10601.562,,,
fork,timing,results_metadata,128,20,9639.794,9418.701,10064.258,,,
fork,timing,results_aggregate,128,20,9726.025,9546.973,10188.867,,,
fork,timing,enqueue_results_process,128,20,10761.95,9994.897,12549.414,,,
upstream,size,callback_list_object,0,1,,,,,120,
upstream,size,dispatcher_object,0,1,,,,,144,
upstream,size,queue_object,0,1,,,,,424,
upstream,size,queued_event,0,1,,,,,8,
upstream,size,callback_node,0,1,,,,,104,
upstream,setup,register_list,1,1,,,,1,120,120
upstream,setup,register_dispatcher,1,1,,,,4,536,536
upstream,setup,register_queue,1,1,,,,6,600,600
upstream,setup,pending_queue_64,1,1,,,,134,4696,2680
upstream,steady,callback_list,1,1,,,,0.000,0.000,0
upstream,steady,dispatch,1,1,,,,0.000,0.000,0
upstream,steady,enqueue_process,1,1,,,,1.016,32.500,64
upstream,setup,register_list,8,1,,,,8,960,960
upstream,setup,register_dispatcher,8,1,,,,11,1376,1376
upstream,setup,register_queue,8,1,,,,13,1440,1440
upstream,setup,pending_queue_64,8,1,,,,141,5536,3520
upstream,steady,callback_list,8,1,,,,0.000,0.000,0
upstream,steady,dispatch,8,1,,,,0.000,0.000,0
upstream,steady,enqueue_process,8,1,,,,1.016,32.500,64
upstream,setup,register_list,32,1,,,,32,3840,3840
upstream,setup,register_dispatcher,32,1,,,,35,4256,4256
upstream,setup,register_queue,32,1,,,,37,4320,4320
upstream,setup,pending_queue_64,32,1,,,,165,8416,6400
upstream,steady,callback_list,32,1,,,,0.000,0.000,0
upstream,steady,dispatch,32,1,,,,0.000,0.000,0
upstream,steady,enqueue_process,32,1,,,,1.016,32.500,64
upstream,setup,register_list,128,1,,,,128,15360,15360
upstream,setup,register_dispatcher,128,1,,,,131,15776,15776
upstream,setup,register_queue,128,1,,,,133,15840,15840
upstream,setup,pending_queue_64,128,1,,,,261,19936,17920
upstream,steady,callback_list,128,1,,,,0.000,0.000,0
upstream,steady,dispatch,128,1,,,,0.000,0.000,0
upstream,steady,enqueue_process,128,1,,,,1.016,32.500,64
fork,size,callback_list_object,0,1,,,,,120,
fork,size,dispatcher_object,0,1,,,,,272,
fork,size,queue_object,0,1,,,,,552,
fork,size,queued_event,0,1,,,,,24,
fork,size,callback_node,0,1,,,,,120,
fork,setup,register_list,1,1,,,,1,136,136
fork,setup,register_dispatcher,1,1,,,,8,888,888
fork,setup,register_queue,1,1,,,,10,984,984
fork,setup,pending_queue_64,1,1,,,,138,7128,4104
fork,setup,register_metadata,1,1,,,,15,1496,1496
fork,setup,queue_results_64_lifecycle,1,1,,,,460,29960,25628
fork,steady,callback_list,1,1,,,,0.000,0.000,0
fork,steady,dispatch,1,1,,,,0.000,0.000,0
fork,steady,enqueue_process,1,1,,,,1.016,48.750,96
fork,steady,dispatch_metadata,1,1,,,,0.000,0.000,0
fork,steady,get_metadata,1,1,,,,2.000,192.000,192
fork,steady,set_metadata,1,1,,,,4.000,320.000,640
fork,steady,ordering,1,1,,,,7.000,448.000,320
fork,steady,ordering_metadata,1,1,,,,11.000,832.000,704
fork,steady,ordering_compact_metadata,1,1,,,,4.000,152.000,152
fork,steady,plan_original,1,1,,,,7.000,456.000,320
fork,steady,plan_arguments,1,1,,,,8.000,472.000,320
fork,steady,plan_results,1,1,,,,10.000,492.000,320
fork,steady,results,1,1,,,,2.000,20.000,20
fork,steady,results_metadata,1,1,,,,2.000,20.000,20
fork,steady,results_aggregate,1,1,,,,3.000,24.000,24
fork,steady,enqueue_results_process,1,1,,,,6.016,388.750,20596
fork,setup,register_list,8,1,,,,8,1088,1088
fork,setup,register_dispatcher,8,1,,,,15,1840,1840
fork,setup,register_queue,8,1,,,,17,1936,1936
fork,setup,pending_queue_64,8,1,,,,145,8080,5056
fork,setup,register_metadata,8,1,,,,50,4688,4688
fork,setup,queue_results_64_lifecycle,8,1,,,,1107,61632,34648
fork,steady,callback_list,8,1,,,,0.000,0.000,0
fork,steady,dispatch,8,1,,,,0.000,0.000,0
fork,steady,enqueue_process,8,1,,,,1.016,48.750,96
fork,steady,dispatch_metadata,8,1,,,,0.000,0.000,0
fork,steady,get_metadata,8,1,,,,2.000,192.000,192
fork,steady,set_metadata,8,1,,,,4.000,320.000,640
fork,steady,ordering,8,1,,,,56.000,5272.000,1920
fork,steady,ordering_metadata,8,1,,,,120.000,11416.000,4608
fork,steady,ordering_compact_metadata,8,1,,,,16.000,1232.000,848
fork,steady,plan_original,8,1,,,,61.000,5744.000,1920
fork,steady,plan_arguments,8,1,,,,69.000,5872.000,1920
fork,steady,plan_results,8,1,,,,81.000,6372.000,1920
fork,steady,results,8,1,,,,12.000,500.000,276
fork,steady,results_metadata,8,1,,,,12.000,500.000,276
fork,steady,results_aggregate,8,1,,,,13.000,504.000,276
fork,steady,enqueue_results_process,8,1,,,,16.016,868.750,28664
fork,setup,register_list,32,1,,,,32,4352,4352
fork,setup,register_dispatcher,32,1,,,,39,5104,5104
fork,setup,register_queue,32,1,,,,41,5200,5200
fork,setup,pending_queue_64,32,1,,,,169,11344,8320
fork,setup,register_metadata,32,1,,,,170,15632,15632
fork,setup,queue_results_64_lifecycle,32,1,,,,1643,195456,80504
fork,steady,callback_list,32,1,,,,0.000,0.000,0
fork,steady,dispatch,32,1,,,,0.000,0.000,0
fork,steady,enqueue_process,32,1,,,,1.016,48.750,96
fork,steady,dispatch_metadata,32,1,,,,0.000,0.000,0
fork,steady,get_metadata,32,1,,,,2.000,192.000,192
fork,steady,set_metadata,32,1,,,,4.000,320.000,640
fork,steady,ordering,32,1,,,,225.000,23800.000,7904
fork,steady,ordering_metadata,32,1,,,,523.000,52408.000,19040
fork,steady,ordering_compact_metadata,32,1,,,,44.000,5408.000,3368
fork,steady,plan_original,32,1,,,,234.000,26336.000,7904
fork,steady,plan_arguments,32,1,,,,266.000,26848.000,7904
fork,steady,plan_results,32,1,,,,286.000,29388.000,7904
fork,steady,results,32,1,,,,20.000,2540.000,1288
fork,steady,results_metadata,32,1,,,,20.000,2540.000,1288
fork,steady,results_aggregate,32,1,,,,21.000,2544.000,1288
fork,steady,enqueue_results_process,32,1,,,,24.016,2908.750,71256
fork,setup,register_list,128,1,,,,128,17408,17408
fork,setup,register_dispatcher,128,1,,,,135,18160,18160
fork,setup,register_queue,128,1,,,,137,18256,18256
fork,setup,pending_queue_64,128,1,,,,265,24400,21376
fork,setup,register_metadata,128,1,,,,650,59408,59408
fork,setup,queue_results_64_lifecycle,128,1,,,,2123,589952,221336
fork,steady,callback_list,128,1,,,,0.000,0.000,0
fork,steady,dispatch,128,1,,,,0.000,0.000,0
fork,steady,enqueue_process,128,1,,,,1.016,48.750,96
fork,steady,dispatch_metadata,128,1,,,,0.000,0.000,0
fork,steady,get_metadata,128,1,,,,2.000,192.000,192
fork,steady,set_metadata,128,1,,,,4.000,320.000,640
fork,steady,ordering,128,1,,,,811.000,87039.000,26111
fork,steady,ordering_metadata,128,1,,,,1891.000,190719.000,62375
fork,steady,ordering_compact_metadata,128,1,,,,143.000,19472.000,12656
fork,steady,plan_original,128,1,,,,823.000,95191.000,27447
fork,steady,plan_arguments,128,1,,,,951.000,97239.000,29495
fork,steady,plan_results,128,1,,,,977.000,105739.000,29495
fork,steady,results,128,1,,,,26.000,8500.000,4324
fork,steady,results_metadata,128,1,,,,26.000,8500.000,4324
fork,steady,results_aggregate,128,1,,,,27.000,8504.000,4324
fork,steady,enqueue_results_process,128,1,,,,30.016,8868.750,199032
